Rooms for rent,Datetime
https://list.am/en/item/18364212,Sep-29-2022_17-47
https://list.am/en/item/18090681,Sep-29-2022_17-47
https://list.am/en/item/17414378,Sep-29-2022_17-47
https://list.am/en/item/18375318 ad removed,Sep-29-2022_17-47
https://list.am/en/item/17554318,Sep-29-2022_17-47
https://list.am/en/item/18361085 ad removed,Sep-29-2022_17-47
https://list.am/en/item/18111332 ad removed,Sep-29-2022_17-47
https://list.am/en/item/17900628,Sep-29-2022_17-47
https://list.am/en/item/18374753 ad removed,Sep-29-2022_17-47
https://list.am/en/item/17961638,Sep-29-2022_17-47
https://list.am/en/item/18374445 ad removed,Sep-29-2022_17-47
https://list.am/en/item/18374049 ad removed,Sep-29-2022_17-47
https://list.am/en/item/18094949,Sep-29-2022_17-47
https://list.am/en/item/16598294,Sep-29-2022_17-47
https://list.am/en/item/17510532,Sep-29-2022_17-47
https://list.am/en/item/15080258,Sep-29-2022_17-47
https://list.am/en/item/17157434 ad removed,Sep-29-2022_17-47
https://list.am/en/item/18307973 ad removed,Sep-29-2022_17-47
https://list.am/en/item/18208037,Sep-29-2022_17-47
https://list.am/en/item/15820180,Sep-29-2022_17-47
https://list.am/en/item/18186477,Sep-29-2022_17-47
https://list.am/en/item/17979957,Sep-29-2022_17-47
https://list.am/en/item/18372312,Sep-29-2022_17-47
https://list.am/en/item/17411596,Sep-29-2022_17-47
https://list.am/en/item/17534914,Sep-29-2022_17-47
https://list.am/en/item/18336821,Sep-29-2022_17-47
https://list.am/en/item/18356826,Sep-29-2022_17-47
https://list.am/en/item/18180367 no price,Sep-29-2022_17-47
https://list.am/en/item/18023192 ad removed,Sep-29-2022_17-47
https://list.am/en/item/18357018 ad removed,Sep-29-2022_17-47
https://list.am/en/item/18338012 no price,Sep-29-2022_17-47
https://list.am/en/item/18139308 ad removed,Sep-29-2022_17-47
https://list.am/en/item/17971611 no price,Sep-29-2022_17-47
https://list.am/en/item/17489890 ad removed,Sep-29-2022_17-47
https://list.am/en/item/18066592,Sep-29-2022_17-47
https://list.am/en/item/18073477,Sep-29-2022_17-47
https://list.am/en/item/17494954 no price,Sep-29-2022_17-47
https://list.am/en/item/18215451 ad removed,Sep-29-2022_17-47
https://list.am/en/item/17461310,Sep-29-2022_17-47
https://list.am/en/item/17461236,Sep-29-2022_17-47
https://list.am/en/item/17611508,Sep-29-2022_17-47
https://list.am/en/item/16853295,Sep-29-2022_17-47
https://list.am/en/item/16866800,Sep-29-2022_17-47
https://list.am/en/item/18369047 ad removed,Sep-29-2022_17-47
https://list.am/en/item/18368876 ad removed,Sep-29-2022_17-47
https://list.am/en/item/18368343 ad removed,Sep-29-2022_17-47
https://list.am/en/item/18368319 ad removed,Sep-29-2022_17-47
https://list.am/en/item/18347910,Sep-29-2022_17-47
https://list.am/en/item/17953812,Sep-29-2022_17-47
https://list.am/en/item/17118624,Sep-29-2022_17-47
https://list.am/en/item/18151402 ad removed,Sep-29-2022_17-47
https://list.am/en/item/18327522 no price,Sep-29-2022_17-47
https://list.am/en/item/17473850,Sep-29-2022_17-47
https://list.am/en/item/17938934,Sep-29-2022_17-47
https://list.am/en/item/17931120,Sep-29-2022_17-47
https://list.am/en/item/17762309,Sep-29-2022_17-47
https://list.am/en/item/17762324,Sep-29-2022_17-47
https://list.am/en/item/17857626,Sep-29-2022_17-47
https://list.am/en/item/17872319,Sep-29-2022_17-47
https://list.am/en/item/17483472 ad removed,Sep-29-2022_17-47
https://list.am/en/item/18208067,Sep-29-2022_17-47
https://list.am/en/item/17486184,Sep-29-2022_17-47
https://list.am/en/item/17481548,Sep-29-2022_17-47
https://list.am/en/item/17661928,Sep-29-2022_17-47
https://list.am/en/item/18044052 ad removed,Sep-29-2022_17-47
https://list.am/en/item/18021217 ad removed,Sep-29-2022_17-47
https://list.am/en/item/18367003 ad removed,Sep-29-2022_17-47
https://list.am/en/item/17516468,Sep-29-2022_17-47
https://list.am/en/item/18350336 ad removed,Sep-29-2022_17-47
https://list.am/en/item/17481614,Sep-29-2022_17-47
https://list.am/en/item/17653481,Sep-29-2022_17-47
https://list.am/en/item/18277446,Sep-29-2022_17-47
https://list.am/en/item/17321337 ad removed,Sep-29-2022_17-47
https://list.am/en/item/18289614 no price,Sep-29-2022_17-47
https://list.am/en/item/18133520 ad removed,Sep-29-2022_17-47
https://list.am/en/item/14450034,Sep-29-2022_17-47
https://list.am/en/item/18365538,Sep-29-2022_17-47
https://list.am/en/item/18365521 ad removed,Sep-29-2022_17-47
https://list.am/en/item/18365422,Sep-29-2022_17-47
https://list.am/en/item/18339112,Sep-29-2022_17-47
https://list.am/en/item/18329512 ad removed,Sep-29-2022_17-47
https://list.am/en/item/17768629,Sep-29-2022_17-47
https://list.am/en/item/18363710,Sep-29-2022_17-47
https://list.am/en/item/18139324 ad removed,Sep-29-2022_17-47
https://list.am/en/item/17852400,Sep-29-2022_17-47
https://list.am/en/item/17533800 no price,Sep-29-2022_17-47
https://list.am/en/item/18362486 ad removed,Sep-29-2022_17-47
https://list.am/en/item/18362129,Sep-29-2022_17-47
https://list.am/en/item/17801545,Sep-29-2022_17-47
https://list.am/en/item/17141363,Sep-29-2022_17-47
https://list.am/en/item/17921975,Sep-29-2022_17-47
https://list.am/en/item/16812259 ad removed,Sep-29-2022_17-47
https://list.am/en/item/17861623,Sep-29-2022_17-47
https://list.am/en/item/17958147,Sep-29-2022_17-47
https://list.am/en/item/17889110,Sep-29-2022_17-47
https://list.am/en/item/18282297,Sep-29-2022_17-47
https://list.am/en/item/18216130,Sep-29-2022_19-16
https://list.am/en/item/18355246,Sep-29-2022_19-16
https://list.am/en/item/18360076 ad removed,Sep-29-2022_20-15
https://list.am/en/item/18217909,Sep-29-2022_20-15
https://list.am/en/item/17693465,Sep-29-2022_20-15
https://list.am/en/item/18012061,Sep-29-2022_20-15
https://list.am/en/item/18133687 ad removed,Sep-29-2022_20-15
https://list.am/en/item/18214858,Sep-29-2022_20-15
https://list.am/en/item/17602749 no price,Sep-29-2022_20-15
https://list.am/en/item/17559095 ad removed,Sep-29-2022_20-15
https://list.am/en/item/18359138 ad removed,Sep-29-2022_20-15
https://list.am/en/item/18358847,Sep-29-2022_20-15
https://list.am/en/item/17897225,Sep-29-2022_20-15
https://list.am/en/item/14832257,Sep-29-2022_20-15
https://list.am/en/item/17787174 ad removed,Sep-29-2022_20-15
https://list.am/en/item/18200327 ad removed,Sep-29-2022_20-15
https://list.am/en/item/14736448,Sep-29-2022_20-15
https://list.am/en/item/18188285 no price,Sep-29-2022_20-15
https://list.am/en/item/18355777 ad removed,Sep-29-2022_20-15
https://list.am/en/item/18355772,Sep-29-2022_20-15
https://list.am/en/item/18355394 ad removed,Sep-29-2022_20-15
https://list.am/en/item/18241535,Sep-29-2022_20-15
https://list.am/en/item/13296401,Sep-29-2022_20-15
https://list.am/en/item/17519046 ad removed,Sep-29-2022_20-15
https://list.am/en/item/18330046 ad removed,Sep-29-2022_20-15
https://list.am/en/item/17614149,Sep-29-2022_20-15
https://list.am/en/item/18048690 ad removed,Sep-29-2022_20-15
https://list.am/en/item/18301678 ad removed,Sep-29-2022_20-15
https://list.am/en/item/17519981,Sep-29-2022_20-15
https://list.am/en/item/18284221 ad removed,Sep-29-2022_20-15
https://list.am/en/item/17490488,Sep-29-2022_20-15
https://list.am/en/item/18012370,Sep-29-2022_20-15
https://list.am/en/item/17574311,Sep-29-2022_20-15
https://list.am/en/item/18351519 ad removed,Sep-29-2022_20-15
https://list.am/en/item/17881412 no price,Sep-29-2022_20-15
https://list.am/en/item/18280242,Sep-29-2022_20-15
https://list.am/en/item/18280239,Sep-29-2022_20-15
https://list.am/en/item/18351015 ad removed,Sep-29-2022_20-15
https://list.am/en/item/18350735 ad removed,Sep-29-2022_20-15
https://list.am/en/item/18255144 ad removed,Sep-29-2022_20-15
https://list.am/en/item/17688337 ad removed,Sep-29-2022_20-15
https://list.am/en/item/17506770,Sep-29-2022_20-15
https://list.am/en/item/18348500,Sep-29-2022_20-15
https://list.am/en/item/16287167,Sep-29-2022_20-15
https://list.am/en/item/18347782 ad removed,Sep-29-2022_20-15
https://list.am/en/item/17606687,Sep-29-2022_20-15
https://list.am/en/item/17719636,Sep-29-2022_20-15
https://list.am/en/item/18158051,Sep-29-2022_20-15
https://list.am/en/item/18245127,Sep-29-2022_20-15
https://list.am/en/item/17326836,Sep-29-2022_20-15
https://list.am/en/item/18063543 ad removed,Sep-29-2022_20-15
https://list.am/en/item/18009024 ad removed,Sep-29-2022_20-15
https://list.am/en/item/18292951,Sep-29-2022_20-15
https://list.am/en/item/18315856,Sep-29-2022_20-15
https://list.am/en/item/18326079,Sep-29-2022_20-15
https://list.am/en/item/18341794 ad removed,Sep-29-2022_20-15
https://list.am/en/item/18340772 ad removed,Sep-29-2022_20-15
https://list.am/en/item/18080420,Sep-29-2022_20-15
https://list.am/en/item/15292243,Sep-29-2022_20-15
https://list.am/en/item/18339893 ad removed,Sep-29-2022_20-15
https://list.am/en/item/18276928,Sep-29-2022_20-15
https://list.am/en/item/18288880,Sep-29-2022_20-15
https://list.am/en/item/17485625,Sep-29-2022_20-15
https://list.am/en/item/18154416 ad removed,Sep-29-2022_20-15
https://list.am/en/item/18235400,Sep-29-2022_20-15
https://list.am/en/item/18109037,Sep-29-2022_20-15
https://list.am/en/item/18333621 ad removed,Sep-29-2022_20-15
https://list.am/en/item/17985323,Sep-29-2022_20-15
https://list.am/en/item/18313731 ad removed,Sep-29-2022_20-15
https://list.am/en/item/17621542 ad removed,Sep-29-2022_20-15
https://list.am/en/item/16427280,Sep-29-2022_20-15
https://list.am/en/item/14862122,Sep-29-2022_20-15
https://list.am/en/item/16427363,Sep-29-2022_20-15
https://list.am/en/item/14611878 ad removed,Sep-29-2022_20-15
https://list.am/en/item/16309468,Sep-29-2022_20-15
https://list.am/en/item/18279926,Sep-29-2022_20-15
https://list.am/en/item/18228355 ad removed,Sep-29-2022_20-15
https://list.am/en/item/17937809 ad removed,Sep-29-2022_20-15
https://list.am/en/item/16750507,Sep-29-2022_20-15
https://list.am/en/item/17321371 no price,Sep-29-2022_20-15
https://list.am/en/item/18311859 ad removed,Sep-29-2022_20-15
https://list.am/en/item/18311349,Sep-29-2022_20-15
https://list.am/en/item/18311306 ad removed,Sep-29-2022_20-15
https://list.am/en/item/18209469 ad removed,Sep-29-2022_20-15
https://list.am/en/item/18255704,Sep-29-2022_20-15
https://list.am/en/item/18262863 ad removed,Sep-29-2022_20-15
https://list.am/en/item/18304265 ad removed,Sep-29-2022_20-15
https://list.am/en/item/18288366 ad removed,Sep-29-2022_20-15
https://list.am/en/item/17181208,Sep-29-2022_20-15
https://list.am/en/item/17743521,Sep-29-2022_20-15
https://list.am/en/item/18106984 ad removed,Sep-29-2022_20-15
https://list.am/en/item/18159275,Sep-29-2022_20-15
https://list.am/en/item/17917143,Sep-29-2022_20-15
https://list.am/en/item/18286631 ad removed,Sep-29-2022_20-15
https://list.am/en/item/18015281 ad removed,Sep-29-2022_20-15
https://list.am/en/item/18282835,Sep-29-2022_20-15
https://list.am/en/item/18176347,Sep-29-2022_20-15
https://list.am/en/item/18155744 ad removed,Sep-29-2022_20-15
https://list.am/en/item/18157111 ad removed,Sep-29-2022_20-15
https://list.am/en/item/18277526 ad removed,Sep-29-2022_20-15
https://list.am/en/item/18110240,Sep-29-2022_20-15
https://list.am/en/item/18153550 ad removed,Sep-29-2022_20-15
https://list.am/en/item/18116425,Sep-29-2022_20-15
https://list.am/en/item/18200287 ad removed,Sep-29-2022_20-15
https://list.am/en/item/16563329,Sep-29-2022_20-15
https://list.am/en/item/16996312 ad removed,Sep-29-2022_20-15
https://list.am/en/item/16996310 ad removed,Sep-29-2022_20-15
https://list.am/en/item/12703298 ad removed,Sep-29-2022_20-15
https://list.am/en/item/17534056,Sep-29-2022_20-15
https://list.am/en/item/17534049,Sep-29-2022_20-15
https://list.am/en/item/18188106 ad removed,Sep-29-2022_20-15
https://list.am/en/item/17463711 ad removed,Sep-29-2022_20-15
https://list.am/en/item/17949783 ad removed,Sep-29-2022_20-15
https://list.am/en/item/18230906 ad removed,Sep-29-2022_20-15
https://list.am/en/item/18122531 ad removed,Sep-29-2022_20-15
https://list.am/en/item/18228555 ad removed,Sep-29-2022_20-15
https://list.am/en/item/17796248 ad removed,Sep-29-2022_20-15
https://list.am/en/item/17788048,Sep-29-2022_20-15
https://list.am/en/item/17902922 ad removed,Sep-29-2022_20-15
https://list.am/en/item/17734587 ad removed,Sep-29-2022_20-15
https://list.am/en/item/17321905 ad removed,Sep-29-2022_20-15
https://list.am/en/item/18208094 ad removed,Sep-29-2022_20-15
https://list.am/en/item/17932118 ad removed,Sep-29-2022_20-15
https://list.am/en/item/17533550 ad removed,Sep-29-2022_20-15
https://list.am/en/item/17820372 ad removed,Sep-29-2022_20-15
https://list.am/en/item/17966608 ad removed,Sep-29-2022_20-15
https://list.am/en/item/17336904,Sep-29-2022_20-15
https://list.am/en/item/18186515 ad removed,Sep-29-2022_20-15
https://list.am/en/item/18053028 ad removed,Sep-29-2022_20-15
https://list.am/en/item/17428764,Sep-29-2022_20-15
https://list.am/en/item/17374920,Sep-29-2022_20-15
https://list.am/en/item/18174749,Sep-29-2022_20-15
https://list.am/en/item/18051568 ad removed,Sep-29-2022_20-15
https://list.am/en/item/18172126 ad removed,Sep-29-2022_20-15
https://list.am/en/item/18147974 ad removed,Sep-29-2022_20-15
https://list.am/en/item/18141629 ad removed,Sep-29-2022_20-15
https://list.am/en/item/18140494 ad removed,Sep-29-2022_20-15
