Commercial Properties for sale,Datetime
https://list.am/en/item/18305627 no price,Sep-29-2022_17-46
https://list.am/en/item/17307594 ad removed,Sep-29-2022_17-46
https://list.am/en/item/15971637,Sep-29-2022_17-46
https://list.am/en/item/12960498 ad removed,Sep-29-2022_17-46
https://list.am/en/item/16611870,Sep-29-2022_17-46
https://list.am/en/item/17952855,Sep-29-2022_17-46
https://list.am/en/item/16272610,Sep-29-2022_17-46
https://list.am/en/item/16988394,Sep-29-2022_17-46
https://list.am/en/item/17796272 no price,Sep-29-2022_17-46
https://list.am/en/item/16529246,Sep-29-2022_17-46
https://list.am/en/item/16949763 no price,Sep-29-2022_17-46
https://list.am/en/item/17569020,Sep-29-2022_17-46
https://list.am/en/item/17885552 ad removed,Sep-29-2022_17-46
https://list.am/en/item/17520311,Sep-29-2022_17-46
https://list.am/en/item/18043445,Sep-29-2022_17-46
https://list.am/en/item/18290235,Sep-29-2022_17-46
https://list.am/en/item/18030184 no price,Sep-29-2022_17-46
https://list.am/en/item/17418996 no price,Sep-29-2022_17-46
https://list.am/en/item/16440730 no price,Sep-29-2022_17-46
https://list.am/en/item/17193991 no price,Sep-29-2022_17-46
https://list.am/en/item/17360250 ad removed,Sep-29-2022_17-46
https://list.am/en/item/16683854,Sep-29-2022_17-46
https://list.am/en/item/16002998 no price,Sep-29-2022_17-46
https://list.am/en/item/15665985,Sep-29-2022_17-46
https://list.am/en/item/18330213 no price,Sep-29-2022_17-46
https://list.am/en/item/17937572,Sep-29-2022_17-46
https://list.am/en/item/18184771,Sep-29-2022_17-46
https://list.am/en/item/18020311 no price,Sep-29-2022_17-46
https://list.am/en/item/16686187 no price,Sep-29-2022_17-46
https://list.am/en/item/17495607 no price,Sep-29-2022_17-46
https://list.am/en/item/17697075,Sep-29-2022_17-46
https://list.am/en/item/18108154,Sep-29-2022_17-46
https://list.am/en/item/17104598 ad removed,Sep-29-2022_17-46
https://list.am/en/item/18190819,Sep-29-2022_17-46
https://list.am/en/item/18238742 no price,Sep-29-2022_17-46
https://list.am/en/item/18142402,Sep-29-2022_17-46
https://list.am/en/item/18188990 no price,Sep-29-2022_17-46
https://list.am/en/item/18221610,Sep-29-2022_17-46
https://list.am/en/item/16518328 no price,Sep-29-2022_17-46
https://list.am/en/item/17015248,Sep-29-2022_17-46
https://list.am/en/item/17591115,Sep-29-2022_17-46
https://list.am/en/item/18275300,Sep-29-2022_17-46
https://list.am/en/item/17172743,Sep-29-2022_17-46
https://list.am/en/item/18130074,Sep-29-2022_17-46
https://list.am/en/item/16474342,Sep-29-2022_17-46
https://list.am/en/item/17428861,Sep-29-2022_17-46
https://list.am/en/item/17812950,Sep-29-2022_17-46
https://list.am/en/item/18256320,Sep-29-2022_17-46
https://list.am/en/item/17912393,Sep-29-2022_17-46
https://list.am/en/item/14256441,Sep-29-2022_17-46
https://list.am/en/item/13940106,Sep-29-2022_17-46
https://list.am/en/item/16349423,Sep-29-2022_17-46
https://list.am/en/item/15486533,Sep-29-2022_17-46
https://list.am/en/item/16376998,Sep-29-2022_17-46
https://list.am/en/item/17356094,Sep-29-2022_17-46
https://list.am/en/item/18127195,Sep-29-2022_17-46
https://list.am/en/item/15668700,Sep-29-2022_17-46
https://list.am/en/item/13300409,Sep-29-2022_17-46
https://list.am/en/item/18181326,Sep-29-2022_17-46
https://list.am/en/item/14063025,Sep-29-2022_17-46
https://list.am/en/item/18203895 no price,Sep-29-2022_17-46
https://list.am/en/item/14566496,Sep-29-2022_17-46
https://list.am/en/item/18295991 no price,Sep-29-2022_17-46
https://list.am/en/item/18135809,Sep-29-2022_17-46
https://list.am/en/item/17490632,Sep-29-2022_17-46
https://list.am/en/item/17872733 ad removed,Sep-29-2022_17-46
https://list.am/en/item/18096297,Sep-29-2022_17-46
https://list.am/en/item/18043958,Sep-29-2022_17-46
https://list.am/en/item/14256261,Sep-29-2022_17-46
https://list.am/en/item/17777513 ad removed,Sep-29-2022_17-46
https://list.am/en/item/17305094 ad removed,Sep-29-2022_17-46
https://list.am/en/item/17888386,Sep-29-2022_17-46
https://list.am/en/item/17492899 no price,Sep-29-2022_17-46
https://list.am/en/item/18346776 ad removed,Sep-29-2022_17-46
https://list.am/en/item/17718012,Sep-29-2022_17-46
https://list.am/en/item/18239523,Sep-29-2022_17-46
https://list.am/en/item/18077219,Sep-29-2022_17-46
https://list.am/en/item/17650594 ad removed,Sep-29-2022_17-46
https://list.am/en/item/18344020 ad removed,Sep-29-2022_17-46
https://list.am/en/item/18078319 no price,Sep-29-2022_17-46
https://list.am/en/item/16661121,Sep-29-2022_17-46
https://list.am/en/item/17431803,Sep-29-2022_17-46
https://list.am/en/item/18339911,Sep-29-2022_17-46
https://list.am/en/item/17954861,Sep-29-2022_17-46
https://list.am/en/item/16590255,Sep-29-2022_17-46
https://list.am/en/item/17191134 ad removed,Sep-29-2022_17-46
https://list.am/en/item/9112386 no price,Sep-29-2022_17-46
https://list.am/en/item/18210590,Sep-29-2022_17-46
https://list.am/en/item/16211884,Sep-29-2022_17-46
https://list.am/en/item/7551464 no price,Sep-29-2022_17-46
https://list.am/en/item/14733337 no price,Sep-29-2022_17-46
https://list.am/en/item/17199776,Sep-29-2022_17-46
https://list.am/en/item/11996581 no price,Sep-29-2022_17-46
https://list.am/en/item/12285744,Sep-29-2022_17-46
https://list.am/en/item/18170380,Sep-29-2022_17-46
https://list.am/en/item/18138908 ad removed,Sep-29-2022_17-46
https://list.am/en/item/16423133,Sep-29-2022_19-53
https://list.am/en/item/15339167 no price,Sep-29-2022_19-53
https://list.am/en/item/11381101,Sep-29-2022_19-53
https://list.am/en/item/11157821 ad removed,Sep-29-2022_19-53
https://list.am/en/item/17433395 ad removed,Sep-29-2022_19-53
https://list.am/en/item/17594885 ad removed,Sep-29-2022_19-53
https://list.am/en/item/17696583 ad removed,Sep-29-2022_19-53
https://list.am/en/item/11398575,Sep-29-2022_19-53
https://list.am/en/item/11542764,Sep-29-2022_19-53
https://list.am/en/item/17604602,Sep-29-2022_19-53
https://list.am/en/item/17927854,Sep-29-2022_19-53
https://list.am/en/item/17970164 no price,Sep-29-2022_19-53
https://list.am/en/item/18004272 ad removed,Sep-29-2022_19-53
https://list.am/en/item/18184638 ad removed,Sep-29-2022_19-53
https://list.am/en/item/17495529,Sep-29-2022_19-53
https://list.am/en/item/17628270,Sep-29-2022_19-53
https://list.am/en/item/12079492,Sep-29-2022_19-53
https://list.am/en/item/17800724 no price,Sep-29-2022_19-53
https://list.am/en/item/18175394 ad removed,Sep-29-2022_19-53
https://list.am/en/item/15382144,Sep-29-2022_19-53
https://list.am/en/item/18251002,Sep-29-2022_19-53
https://list.am/en/item/6140947,Sep-29-2022_19-53
https://list.am/en/item/14245897 ad removed,Sep-29-2022_19-53
https://list.am/en/item/18211194 ad removed,Sep-29-2022_19-53
https://list.am/en/item/13043763 no price,Sep-29-2022_19-53
https://list.am/en/item/17624289 ad removed,Sep-29-2022_19-53
https://list.am/en/item/17927753 ad removed,Sep-29-2022_19-53
https://list.am/en/item/17781550 ad removed,Sep-29-2022_19-53
https://list.am/en/item/16774645 ad removed,Sep-29-2022_19-53
https://list.am/en/item/16703573 ad removed,Sep-29-2022_19-53
https://list.am/en/item/18071009 ad removed,Sep-29-2022_19-53
https://list.am/en/item/18157977,Sep-29-2022_19-53
https://list.am/en/item/16171596 ad removed,Sep-29-2022_19-53
https://list.am/en/item/17693464 ad removed,Sep-29-2022_19-53
