Houses for sale,Datetime
https://list.am/en/item/17873748,Sep-29-2022_17-46
https://list.am/en/item/16292898,Sep-29-2022_17-46
https://list.am/en/item/16260933,Sep-29-2022_17-46
https://list.am/en/item/18219123,Sep-29-2022_17-46
https://list.am/en/item/16092082,Sep-29-2022_17-46
https://list.am/en/item/9936192 no price,Sep-29-2022_17-46
https://list.am/en/item/16298649 no price,Sep-29-2022_17-46
https://list.am/en/item/17504996,Sep-29-2022_17-46
https://list.am/en/item/17683429,Sep-29-2022_17-46
https://list.am/en/item/14621499,Sep-29-2022_17-46
https://list.am/en/item/18047326,Sep-29-2022_17-46
https://list.am/en/item/18167222 ad removed,Sep-29-2022_17-46
https://list.am/en/item/18317783,Sep-29-2022_17-46
https://list.am/en/item/18330042,Sep-29-2022_17-46
https://list.am/en/item/18224278,Sep-29-2022_17-46
https://list.am/en/item/16121708 no price,Sep-29-2022_17-46
https://list.am/en/item/17945034,Sep-29-2022_17-46
https://list.am/en/item/18130298,Sep-29-2022_17-46
https://list.am/en/item/17689755,Sep-29-2022_17-46
https://list.am/en/item/15482490,Sep-29-2022_17-46
https://list.am/en/item/18288881 no price,Sep-29-2022_17-46
https://list.am/en/item/18229833 ad removed,Sep-29-2022_17-46
https://list.am/en/item/17589311,Sep-29-2022_17-46
https://list.am/en/item/16097790 no price,Sep-29-2022_17-46
https://list.am/en/item/18085768,Sep-29-2022_17-46
https://list.am/en/item/14662653,Sep-29-2022_17-46
https://list.am/en/item/16245826,Sep-29-2022_17-46
https://list.am/en/item/16337915,Sep-29-2022_17-46
https://list.am/en/item/17128921 no price,Sep-29-2022_17-46
https://list.am/en/item/16746695,Sep-29-2022_17-46
https://list.am/en/item/16078103 no price,Sep-29-2022_17-46
https://list.am/en/item/16571899,Sep-29-2022_17-46
https://list.am/en/item/18134187,Sep-29-2022_17-46
https://list.am/en/item/17218275,Sep-29-2022_17-46
https://list.am/en/item/18252365,Sep-29-2022_17-46
https://list.am/en/item/16917834,Sep-29-2022_17-46
https://list.am/en/item/12189004,Sep-29-2022_17-46
https://list.am/en/item/16620063,Sep-29-2022_17-46
https://list.am/en/item/17954731 ad removed,Sep-29-2022_17-46
https://list.am/en/item/8401938,Sep-29-2022_17-46
https://list.am/en/item/16589314,Sep-29-2022_17-46
https://list.am/en/item/16667002,Sep-29-2022_17-46
https://list.am/en/item/18288815,Sep-29-2022_17-46
https://list.am/en/item/8904828,Sep-29-2022_17-46
https://list.am/en/item/16293318,Sep-29-2022_17-46
https://list.am/en/item/18245164,Sep-29-2022_17-46
https://list.am/en/item/13124360 no price,Sep-29-2022_17-46
https://list.am/en/item/17296855 no price,Sep-29-2022_17-46
https://list.am/en/item/17604610,Sep-29-2022_17-46
https://list.am/en/item/18343757,Sep-29-2022_17-46
https://list.am/en/item/18012359,Sep-29-2022_17-46
https://list.am/en/item/18006194 ad removed,Sep-29-2022_17-46
https://list.am/en/item/12123074,Sep-29-2022_17-46
https://list.am/en/item/18302858,Sep-29-2022_17-46
https://list.am/en/item/16226832,Sep-29-2022_17-46
https://list.am/en/item/17778737,Sep-29-2022_17-46
https://list.am/en/item/18174938,Sep-29-2022_17-46
https://list.am/en/item/18327227 ad removed,Sep-29-2022_17-46
https://list.am/en/item/18180289 ad removed,Sep-29-2022_17-46
https://list.am/en/item/17541899,Sep-29-2022_17-46
https://list.am/en/item/17732915,Sep-29-2022_17-46
https://list.am/en/item/18044803,Sep-29-2022_17-46
https://list.am/en/item/16879753,Sep-29-2022_17-46
https://list.am/en/item/17485441,Sep-29-2022_17-46
https://list.am/en/item/18279740,Sep-29-2022_17-46
https://list.am/en/item/18296224 ad removed,Sep-29-2022_17-46
https://list.am/en/item/17575516,Sep-29-2022_17-46
https://list.am/en/item/17362429,Sep-29-2022_17-46
https://list.am/en/item/16564146,Sep-29-2022_17-46
https://list.am/en/item/16004258 ad removed,Sep-29-2022_17-46
https://list.am/en/item/18277525 ad removed,Sep-29-2022_17-46
https://list.am/en/item/18222285,Sep-29-2022_17-46
https://list.am/en/item/18006049 no price,Sep-29-2022_17-46
https://list.am/en/item/18271162 ad removed,Sep-29-2022_17-46
https://list.am/en/item/17376420,Sep-29-2022_17-46
https://list.am/en/item/18075936 ad removed,Sep-29-2022_17-46
https://list.am/en/item/18075910 ad removed,Sep-29-2022_17-46
https://list.am/en/item/13862042 ad removed,Sep-29-2022_17-46
https://list.am/en/item/17839282,Sep-29-2022_17-46
https://list.am/en/item/18238118 ad removed,Sep-29-2022_17-46
https://list.am/en/item/16036816 no price,Sep-29-2022_17-46
https://list.am/en/item/17821592,Sep-29-2022_17-46
https://list.am/en/item/18225280,Sep-29-2022_17-46
https://list.am/en/item/17980043 ad removed,Sep-29-2022_17-46
https://list.am/en/item/16059242 ad removed,Sep-29-2022_17-46
https://list.am/en/item/18216223,Sep-29-2022_17-46
https://list.am/en/item/12431824 ad removed,Sep-29-2022_17-46
https://list.am/en/item/17177367 ad removed,Sep-29-2022_17-46
https://list.am/en/item/17529348 ad removed,Sep-29-2022_17-46
https://list.am/en/item/17737238 ad removed,Sep-29-2022_17-46
https://list.am/en/item/18034157,Sep-29-2022_17-46
