Garages and Parking for rent,Datetime
https://list.am/en/item/16953460,Sep-29-2022_17-48
https://list.am/en/item/17712336,Sep-29-2022_17-48
https://list.am/en/item/17066937,Sep-29-2022_17-48
https://list.am/en/item/18081788,Sep-29-2022_17-48
https://list.am/en/item/16685780 ad removed,Sep-29-2022_17-48
https://list.am/en/item/18207955,Sep-29-2022_17-48
https://list.am/en/item/14596614 ad removed,Sep-29-2022_17-48
https://list.am/en/item/18081488,Sep-29-2022_17-48
https://list.am/en/item/17581960,Sep-29-2022_17-48
https://list.am/en/item/17663091,Sep-29-2022_17-48
https://list.am/en/item/18276578 ad removed,Sep-29-2022_17-48
https://list.am/en/item/17193588 no price,Sep-29-2022_17-48
https://list.am/en/item/18185051 ad removed,Sep-29-2022_17-48
https://list.am/en/item/17672630 ad removed,Sep-29-2022_17-48
https://list.am/en/item/18120255 ad removed,Sep-29-2022_17-48
