Garages and Parking for sale,Datetime
https://list.am/en/item/18287083,Sep-29-2022_17-46
https://list.am/en/item/16096285,Sep-29-2022_17-46
https://list.am/en/item/16614364,Sep-29-2022_17-46
https://list.am/en/item/18315144,Sep-29-2022_17-46
https://list.am/en/item/18341343,Sep-29-2022_17-46
https://list.am/en/item/16449033,Sep-29-2022_17-46
https://list.am/en/item/18212532,Sep-29-2022_17-46
https://list.am/en/item/18212533,Sep-29-2022_17-46
https://list.am/en/item/16524945,Sep-29-2022_17-46
https://list.am/en/item/16431410,Sep-29-2022_17-46
https://list.am/en/item/15875838,Sep-29-2022_17-46
https://list.am/en/item/18308162,Sep-29-2022_17-46
https://list.am/en/item/18037846,Sep-29-2022_17-46
https://list.am/en/item/17126034,Sep-29-2022_17-46
https://list.am/en/item/17126055,Sep-29-2022_17-46
https://list.am/en/item/16243704,Sep-29-2022_17-46
https://list.am/en/item/18034455,Sep-29-2022_17-46
