Apartments for rent,Datetime
https://list.am/en/item/18336326,Sep-29-2022_17-47
https://list.am/en/item/18375801,Sep-29-2022_17-47
https://list.am/en/item/17985846,Sep-29-2022_17-47
https://list.am/en/item/17843505,Sep-29-2022_17-47
https://list.am/en/item/18229858,Sep-29-2022_17-47
https://list.am/en/item/17575356,Sep-29-2022_17-47
https://list.am/en/item/17575360,Sep-29-2022_17-47
https://list.am/en/item/17964876,Sep-29-2022_17-47
https://list.am/en/item/17798890,Sep-29-2022_17-47
https://list.am/en/item/17798891,Sep-29-2022_17-47
https://list.am/en/item/17847769,Sep-29-2022_17-47
https://list.am/en/item/17235724,Sep-29-2022_17-47
https://list.am/en/item/17903911,Sep-29-2022_17-47
https://list.am/en/item/18356635,Sep-29-2022_17-47
https://list.am/en/item/18374361,Sep-29-2022_17-47
https://list.am/en/item/18374070,Sep-29-2022_17-47
https://list.am/en/item/18143333,Sep-29-2022_17-47
https://list.am/en/item/18144353,Sep-29-2022_17-47
https://list.am/en/item/18080623,Sep-29-2022_17-47
https://list.am/en/item/18209572,Sep-29-2022_17-47
https://list.am/en/item/18181044,Sep-29-2022_17-47
https://list.am/en/item/17910896,Sep-29-2022_17-47
https://list.am/en/item/17238279,Sep-29-2022_17-47
https://list.am/en/item/17680058,Sep-29-2022_17-47
https://list.am/en/item/17681367,Sep-29-2022_17-47
https://list.am/en/item/17780047,Sep-29-2022_17-47
https://list.am/en/item/17779987,Sep-29-2022_17-47
https://list.am/en/item/17917948,Sep-29-2022_17-47
https://list.am/en/item/18371354,Sep-29-2022_17-47
https://list.am/en/item/17794321,Sep-29-2022_17-47
https://list.am/en/item/17794308,Sep-29-2022_17-47
https://list.am/en/item/18138849,Sep-29-2022_17-47
https://list.am/en/item/17550919,Sep-29-2022_17-47
https://list.am/en/item/17827291,Sep-29-2022_17-47
https://list.am/en/item/18326984,Sep-29-2022_17-47
https://list.am/en/item/18062612,Sep-29-2022_17-47
https://list.am/en/item/18343389,Sep-29-2022_17-47
https://list.am/en/item/18298907,Sep-29-2022_17-47
https://list.am/en/item/17027028,Sep-29-2022_17-47
https://list.am/en/item/18369164,Sep-29-2022_17-47
https://list.am/en/item/18339092,Sep-29-2022_17-47
https://list.am/en/item/17133055,Sep-29-2022_17-47
https://list.am/en/item/18368562,Sep-29-2022_17-47
https://list.am/en/item/18185901,Sep-29-2022_17-47
https://list.am/en/item/18006619,Sep-29-2022_17-47
https://list.am/en/item/18292504,Sep-29-2022_17-47
https://list.am/en/item/18331982,Sep-29-2022_17-47
https://list.am/en/item/18079250,Sep-29-2022_17-47
https://list.am/en/item/17890373,Sep-29-2022_17-47
https://list.am/en/item/18367595,Sep-29-2022_17-47
https://list.am/en/item/17787776,Sep-29-2022_17-47
https://list.am/en/item/17788038,Sep-29-2022_17-47
https://list.am/en/item/18125477,Sep-29-2022_17-47
https://list.am/en/item/17810660,Sep-29-2022_17-47
https://list.am/en/item/18366988,Sep-29-2022_17-47
https://list.am/en/item/18065610,Sep-29-2022_17-47
https://list.am/en/item/17896452,Sep-29-2022_17-47
https://list.am/en/item/17780922,Sep-29-2022_17-47
https://list.am/en/item/17780921,Sep-29-2022_17-47
https://list.am/en/item/17998831,Sep-29-2022_17-47
https://list.am/en/item/18255957,Sep-29-2022_17-47
https://list.am/en/item/18267987,Sep-29-2022_17-47
https://list.am/en/item/18085711,Sep-29-2022_17-47
https://list.am/en/item/17854417,Sep-29-2022_17-47
https://list.am/en/item/18046226,Sep-29-2022_17-47
https://list.am/en/item/17580580,Sep-29-2022_17-47
https://list.am/en/item/14152450,Sep-29-2022_17-47
https://list.am/en/item/17581248,Sep-29-2022_17-47
https://list.am/en/item/18031815,Sep-29-2022_17-47
https://list.am/en/item/17865480,Sep-29-2022_17-47
https://list.am/en/item/18312891,Sep-29-2022_17-47
https://list.am/en/item/18308163,Sep-29-2022_17-47
https://list.am/en/item/18018057,Sep-29-2022_17-47
https://list.am/en/item/18226082,Sep-29-2022_17-47
https://list.am/en/item/16006115,Sep-29-2022_17-47
https://list.am/en/item/16204358,Sep-29-2022_17-47
https://list.am/en/item/18362778,Sep-29-2022_17-47
https://list.am/en/item/18110642,Sep-29-2022_17-47
https://list.am/en/item/16201286,Sep-29-2022_17-47
https://list.am/en/item/17970991,Sep-29-2022_17-47
https://list.am/en/item/18130983,Sep-29-2022_17-47
https://list.am/en/item/18361444,Sep-29-2022_17-47
https://list.am/en/item/18210847,Sep-29-2022_17-47
https://list.am/en/item/18174753,Sep-29-2022_17-47
https://list.am/en/item/18329426,Sep-29-2022_17-47
https://list.am/en/item/18294937,Sep-29-2022_17-47
https://list.am/en/item/16567635,Sep-29-2022_17-47
https://list.am/en/item/17641687,Sep-29-2022_17-47
https://list.am/en/item/18198503,Sep-29-2022_17-47
https://list.am/en/item/17985836,Sep-29-2022_17-47
https://list.am/en/item/18148632,Sep-29-2022_17-47
https://list.am/en/item/18359339,Sep-29-2022_17-47
https://list.am/en/item/18275184,Sep-29-2022_17-47
https://list.am/en/item/18224439,Sep-29-2022_17-47
https://list.am/en/item/18315325,Sep-29-2022_17-47
https://list.am/en/item/18358072,Sep-29-2022_17-47
https://list.am/en/item/18102353,Sep-29-2022_17-47
https://list.am/en/item/18376033,Sep-29-2022_20-09
https://list.am/en/item/17654569,Sep-29-2022_20-09
https://list.am/en/item/18154699,Sep-29-2022_20-09
https://list.am/en/item/17658166,Sep-29-2022_20-09
https://list.am/en/item/17886991,Sep-29-2022_20-09
https://list.am/en/item/18291309,Sep-29-2022_20-09
https://list.am/en/item/18356649,Sep-29-2022_20-09
https://list.am/en/item/18356502,Sep-29-2022_20-09
https://list.am/en/item/17991000,Sep-29-2022_20-09
https://list.am/en/item/16689483,Sep-29-2022_20-09
https://list.am/en/item/15902753,Sep-29-2022_20-09
https://list.am/en/item/18354865,Sep-29-2022_20-09
https://list.am/en/item/18259613,Sep-29-2022_20-09
https://list.am/en/item/18303754,Sep-29-2022_20-09
https://list.am/en/item/16719523,Sep-29-2022_20-09
https://list.am/en/item/16764938,Sep-29-2022_20-09
https://list.am/en/item/17215410,Sep-29-2022_20-09
https://list.am/en/item/17754789,Sep-29-2022_20-09
https://list.am/en/item/18213315,Sep-29-2022_20-09
https://list.am/en/item/18352252,Sep-29-2022_20-09
https://list.am/en/item/18037122,Sep-29-2022_20-09
https://list.am/en/item/18260839,Sep-29-2022_20-09
https://list.am/en/item/18349591,Sep-29-2022_20-09
https://list.am/en/item/18216433,Sep-29-2022_20-09
https://list.am/en/item/18348423,Sep-29-2022_20-09
https://list.am/en/item/18146348,Sep-29-2022_20-09
https://list.am/en/item/16055160,Sep-29-2022_20-09
https://list.am/en/item/14349267,Sep-29-2022_20-09
https://list.am/en/item/17952833,Sep-29-2022_20-09
https://list.am/en/item/18126007,Sep-29-2022_20-09
https://list.am/en/item/18344725,Sep-29-2022_20-09
https://list.am/en/item/18344649,Sep-29-2022_20-09
https://list.am/en/item/18263526,Sep-29-2022_20-09
https://list.am/en/item/18220339,Sep-29-2022_20-09
https://list.am/en/item/18033703,Sep-29-2022_20-09
https://list.am/en/item/18197508,Sep-29-2022_20-09
https://list.am/en/item/18263892,Sep-29-2022_20-09
https://list.am/en/item/18282905,Sep-29-2022_20-09
https://list.am/en/item/18190433,Sep-29-2022_20-09
https://list.am/en/item/17727830,Sep-29-2022_20-09
https://list.am/en/item/17573652,Sep-29-2022_20-09
https://list.am/en/item/17573651,Sep-29-2022_20-09
https://list.am/en/item/18303967,Sep-29-2022_20-09
https://list.am/en/item/18198008,Sep-29-2022_20-09
https://list.am/en/item/18288654,Sep-29-2022_20-09
https://list.am/en/item/18299426,Sep-29-2022_20-09
https://list.am/en/item/17081474,Sep-29-2022_20-09
https://list.am/en/item/17078843,Sep-29-2022_20-09
https://list.am/en/item/18056019,Sep-29-2022_20-09
https://list.am/en/item/18326814,Sep-29-2022_20-09
https://list.am/en/item/17924365,Sep-29-2022_20-09
https://list.am/en/item/17829297,Sep-29-2022_20-09
https://list.am/en/item/18324190,Sep-29-2022_20-09
https://list.am/en/item/18323227,Sep-29-2022_20-09
https://list.am/en/item/18241995,Sep-29-2022_20-09
https://list.am/en/item/18023685,Sep-29-2022_20-09
https://list.am/en/item/18275207,Sep-29-2022_20-09
https://list.am/en/item/18180224,Sep-29-2022_20-09
https://list.am/en/item/17979955,Sep-29-2022_20-09
https://list.am/en/item/17845981,Sep-29-2022_20-09
https://list.am/en/item/17424732,Sep-29-2022_20-09
https://list.am/en/item/17845982,Sep-29-2022_20-09
https://list.am/en/item/18127086,Sep-29-2022_20-09
https://list.am/en/item/18305097,Sep-29-2022_20-09
https://list.am/en/item/18037197,Sep-29-2022_20-09
https://list.am/en/item/18037231,Sep-29-2022_20-09
https://list.am/en/item/17896175,Sep-29-2022_20-09
https://list.am/en/item/18300521,Sep-29-2022_20-09
https://list.am/en/item/18171853,Sep-29-2022_20-09
https://list.am/en/item/17958355,Sep-29-2022_20-09
https://list.am/en/item/17823590,Sep-29-2022_20-09
https://list.am/en/item/18294209,Sep-29-2022_20-09
https://list.am/en/item/18073325,Sep-29-2022_20-09
https://list.am/en/item/18043929,Sep-29-2022_20-09
https://list.am/en/item/18256332,Sep-29-2022_20-09
https://list.am/en/item/18252132,Sep-29-2022_20-09
https://list.am/en/item/17660761,Sep-29-2022_20-09
https://list.am/en/item/17986697,Sep-29-2022_20-09
https://list.am/en/item/17971410,Sep-29-2022_20-09
https://list.am/en/item/17467481,Sep-29-2022_20-09
https://list.am/en/item/17469016,Sep-29-2022_20-09
https://list.am/en/item/18278209,Sep-29-2022_20-09
https://list.am/en/item/18217843,Sep-29-2022_20-09
https://list.am/en/item/18078477,Sep-29-2022_20-09
https://list.am/en/item/18050317,Sep-29-2022_20-09
https://list.am/en/item/18143277,Sep-29-2022_20-09
https://list.am/en/item/18112452,Sep-29-2022_20-09
https://list.am/en/item/17670845,Sep-29-2022_20-09
https://list.am/en/item/17729838,Sep-29-2022_20-09
https://list.am/en/item/18248918,Sep-29-2022_20-09
https://list.am/en/item/18225781,Sep-29-2022_20-09
https://list.am/en/item/18246382,Sep-29-2022_20-09
https://list.am/en/item/17931158,Sep-29-2022_20-09
https://list.am/en/item/18107827,Sep-29-2022_20-09
https://list.am/en/item/18238881,Sep-29-2022_20-09
https://list.am/en/item/18237140,Sep-29-2022_20-09
https://list.am/en/item/18237135,Sep-29-2022_20-09
https://list.am/en/item/18236987,Sep-29-2022_20-09
https://list.am/en/item/17834937,Sep-29-2022_20-09
https://list.am/en/item/18235015,Sep-29-2022_20-09
https://list.am/en/item/17872328,Sep-29-2022_20-09
https://list.am/en/item/18230363,Sep-29-2022_20-09
https://list.am/en/item/18228883,Sep-29-2022_20-09
https://list.am/en/item/18170632,Sep-29-2022_20-09
https://list.am/en/item/18222516,Sep-29-2022_20-09
https://list.am/en/item/18221596,Sep-29-2022_20-09
https://list.am/en/item/17747278,Sep-29-2022_20-09
https://list.am/en/item/18216467,Sep-29-2022_20-09
https://list.am/en/item/18216342,Sep-29-2022_20-09
https://list.am/en/item/18208058,Sep-29-2022_20-09
https://list.am/en/item/18207169,Sep-29-2022_20-09
https://list.am/en/item/18204180,Sep-29-2022_20-09
https://list.am/en/item/18203530,Sep-29-2022_20-09
https://list.am/en/item/17714493,Sep-29-2022_20-09
https://list.am/en/item/18200913,Sep-29-2022_20-09
https://list.am/en/item/9527275,Sep-29-2022_20-09
https://list.am/en/item/17437722,Sep-29-2022_20-09
https://list.am/en/item/18195841,Sep-29-2022_20-09
https://list.am/en/item/18195837,Sep-29-2022_20-09
https://list.am/en/item/17579874,Sep-29-2022_20-09
https://list.am/en/item/18172998,Sep-29-2022_20-09
https://list.am/en/item/17773848,Sep-29-2022_20-09
https://list.am/en/item/18158068,Sep-29-2022_20-09
https://list.am/en/item/17955889,Sep-29-2022_20-09
https://list.am/en/item/18150943,Sep-29-2022_20-09
https://list.am/en/item/18149920,Sep-29-2022_20-09
https://list.am/en/item/18149287,Sep-29-2022_20-09
https://list.am/en/item/18144546,Sep-29-2022_20-09
https://list.am/en/item/18143359,Sep-29-2022_20-09
https://list.am/en/item/17977554,Sep-29-2022_20-09
https://list.am/en/item/17986255,Sep-29-2022_20-09
https://list.am/en/item/17865016,Sep-29-2022_20-09
https://list.am/en/item/18039007,Sep-29-2022_20-09
https://list.am/en/item/18126015,Sep-29-2022_20-09
https://list.am/en/item/17820993,Sep-29-2022_20-09
https://list.am/en/item/18123348,Sep-29-2022_20-09
https://list.am/en/item/18122784,Sep-29-2022_20-09
