Apartments for sale,Datetime
https://list.am/en/item/18189126,Sep-29-2022_17-40
https://list.am/en/item/17653334 no price,Sep-29-2022_17-40
https://list.am/en/item/18201171 no price,Sep-29-2022_17-40
https://list.am/en/item/17476269,Sep-29-2022_17-40
https://list.am/en/item/18019688 ad removed,Sep-29-2022_17-40
https://list.am/en/item/18163438,Sep-29-2022_17-40
https://list.am/en/item/18189236,Sep-29-2022_17-40
https://list.am/en/item/18374815,Sep-29-2022_17-40
https://list.am/en/item/17288747,Sep-29-2022_17-40
https://list.am/en/item/17923532 ad removed,Sep-29-2022_17-40
https://list.am/en/item/17993247 ad removed,Sep-29-2022_17-40
https://list.am/en/item/18101796,Sep-29-2022_17-40
https://list.am/en/item/17374152,Sep-29-2022_17-40
https://list.am/en/item/17943855,Sep-29-2022_17-40
https://list.am/en/item/18211735,Sep-29-2022_17-40
https://list.am/en/item/17768628,Sep-29-2022_17-40
https://list.am/en/item/17420359,Sep-29-2022_17-40
https://list.am/en/item/18372285,Sep-29-2022_17-40
https://list.am/en/item/18356821,Sep-29-2022_17-40
https://list.am/en/item/17699769,Sep-29-2022_17-40
https://list.am/en/item/18034852,Sep-29-2022_17-40
https://list.am/en/item/16657515,Sep-29-2022_17-40
https://list.am/en/item/17758954,Sep-29-2022_17-40
https://list.am/en/item/17932621 ad removed,Sep-29-2022_17-40
https://list.am/en/item/18371367,Sep-29-2022_17-40
https://list.am/en/item/16465740,Sep-29-2022_17-40
https://list.am/en/item/18095404 no price,Sep-29-2022_17-40
https://list.am/en/item/17802471,Sep-29-2022_17-40
https://list.am/en/item/17752114,Sep-29-2022_17-40
https://list.am/en/item/17385666,Sep-29-2022_17-40
https://list.am/en/item/17990343 no price,Sep-29-2022_17-40
https://list.am/en/item/18106865 ad removed,Sep-29-2022_17-40
https://list.am/en/item/18138842 ad removed,Sep-29-2022_17-40
https://list.am/en/item/17110413 ad removed,Sep-29-2022_17-40
https://list.am/en/item/17887544,Sep-29-2022_17-40
https://list.am/en/item/17918624,Sep-29-2022_17-40
https://list.am/en/item/16044648 ad removed,Sep-29-2022_17-40
https://list.am/en/item/18201790,Sep-29-2022_17-40
https://list.am/en/item/13291629,Sep-29-2022_17-40
https://list.am/en/item/17217399,Sep-29-2022_17-40
https://list.am/en/item/16478224,Sep-29-2022_17-40
https://list.am/en/item/18323381,Sep-29-2022_17-40
https://list.am/en/item/16970196,Sep-29-2022_17-40
https://list.am/en/item/18040238,Sep-29-2022_17-40
https://list.am/en/item/17320721,Sep-29-2022_17-40
https://list.am/en/item/16331702 ad removed,Sep-29-2022_17-40
https://list.am/en/item/15810627 ad removed,Sep-29-2022_17-40
https://list.am/en/item/16194570 no price,Sep-29-2022_17-40
https://list.am/en/item/17905704,Sep-29-2022_17-40
https://list.am/en/item/17978085 ad removed,Sep-29-2022_17-40
https://list.am/en/item/17805835,Sep-29-2022_17-40
https://list.am/en/item/17799298,Sep-29-2022_17-40
https://list.am/en/item/15877199,Sep-29-2022_17-40
https://list.am/en/item/18113068,Sep-29-2022_17-40
https://list.am/en/item/18316237,Sep-29-2022_17-40
https://list.am/en/item/17946210,Sep-29-2022_17-40
https://list.am/en/item/18363714,Sep-29-2022_17-40
https://list.am/en/item/17269220 ad removed,Sep-29-2022_17-40
https://list.am/en/item/17030848,Sep-29-2022_17-40
https://list.am/en/item/16267599,Sep-29-2022_17-40
https://list.am/en/item/18249990 ad removed,Sep-29-2022_17-40
https://list.am/en/item/18249986 ad removed,Sep-29-2022_17-40
https://list.am/en/item/17990956 ad removed,Sep-29-2022_17-40
https://list.am/en/item/17931373 ad removed,Sep-29-2022_17-40
https://list.am/en/item/7440511,Sep-29-2022_17-40
https://list.am/en/item/13073182,Sep-29-2022_17-40
https://list.am/en/item/18311358 no price,Sep-29-2022_17-40
https://list.am/en/item/17167545,Sep-29-2022_17-40
https://list.am/en/item/17170680,Sep-29-2022_17-40
https://list.am/en/item/17163741,Sep-29-2022_17-40
https://list.am/en/item/17898599,Sep-29-2022_17-40
https://list.am/en/item/14371084 ad removed,Sep-29-2022_17-40
https://list.am/en/item/15664609,Sep-29-2022_17-40
https://list.am/en/item/18210605 no price,Sep-29-2022_17-40
https://list.am/en/item/17948389,Sep-29-2022_17-40
https://list.am/en/item/18190176,Sep-29-2022_17-40
https://list.am/en/item/16627887,Sep-29-2022_17-40
https://list.am/en/item/18245098,Sep-29-2022_17-40
https://list.am/en/item/17316320,Sep-29-2022_17-40
https://list.am/en/item/17962814,Sep-29-2022_17-40
https://list.am/en/item/16655499 no price,Sep-29-2022_17-40
https://list.am/en/item/17568857 ad removed,Sep-29-2022_17-40
https://list.am/en/item/17642766 ad removed,Sep-29-2022_17-40
https://list.am/en/item/15704152,Sep-29-2022_17-40
https://list.am/en/item/18220334,Sep-29-2022_17-40
https://list.am/en/item/18355360 ad removed,Sep-29-2022_17-40
https://list.am/en/item/12345310,Sep-29-2022_17-40
https://list.am/en/item/17366613,Sep-29-2022_17-40
https://list.am/en/item/17634887,Sep-29-2022_17-40
https://list.am/en/item/17643577,Sep-29-2022_17-40
https://list.am/en/item/18261776,Sep-29-2022_17-40
https://list.am/en/item/18283321,Sep-29-2022_17-40
https://list.am/en/item/17858398,Sep-29-2022_17-40
https://list.am/en/item/16746824 no price,Sep-29-2022_17-40
https://list.am/en/item/18224442 ad removed,Sep-29-2022_17-40
https://list.am/en/item/18180243,Sep-29-2022_17-40
https://list.am/en/item/17975756,Sep-29-2022_19-13
https://list.am/en/item/18347699 ad removed,Sep-29-2022_19-32
https://list.am/en/item/17795918,Sep-29-2022_19-32
https://list.am/en/item/18345945,Sep-29-2022_19-32
https://list.am/en/item/17991732,Sep-29-2022_19-32
https://list.am/en/item/11461149 ad removed,Sep-29-2022_19-32
https://list.am/en/item/18344058 ad removed,Sep-29-2022_19-32
https://list.am/en/item/15992822 ad removed,Sep-29-2022_19-32
https://list.am/en/item/17294656 ad removed,Sep-29-2022_19-32
https://list.am/en/item/16759068,Sep-29-2022_19-32
https://list.am/en/item/17614164,Sep-29-2022_19-32
https://list.am/en/item/13423285 ad removed,Sep-29-2022_19-32
https://list.am/en/item/18062820,Sep-29-2022_19-32
https://list.am/en/item/17839750,Sep-29-2022_19-32
https://list.am/en/item/16863305,Sep-29-2022_19-32
https://list.am/en/item/18266060,Sep-29-2022_19-32
https://list.am/en/item/18041280 ad removed,Sep-29-2022_19-32
https://list.am/en/item/17928357 ad removed,Sep-29-2022_19-32
https://list.am/en/item/17712427,Sep-29-2022_19-32
https://list.am/en/item/16818199,Sep-29-2022_19-32
https://list.am/en/item/18309846,Sep-29-2022_19-32
https://list.am/en/item/18308301 ad removed,Sep-29-2022_19-32
https://list.am/en/item/17751803,Sep-29-2022_19-32
https://list.am/en/item/18225122 ad removed,Sep-29-2022_19-32
https://list.am/en/item/14459235 ad removed,Sep-29-2022_19-32
https://list.am/en/item/17054905,Sep-29-2022_19-32
https://list.am/en/item/18249766,Sep-29-2022_19-32
https://list.am/en/item/15053734,Sep-29-2022_19-32
https://list.am/en/item/13881610,Sep-29-2022_19-32
https://list.am/en/item/18275305,Sep-29-2022_19-32
https://list.am/en/item/17993083 ad removed,Sep-29-2022_19-32
https://list.am/en/item/14568622 ad removed,Sep-29-2022_19-32
https://list.am/en/item/14972951 ad removed,Sep-29-2022_19-32
https://list.am/en/item/18020458,Sep-29-2022_19-32
https://list.am/en/item/17476803,Sep-29-2022_19-32
https://list.am/en/item/16566171,Sep-29-2022_19-32
https://list.am/en/item/17809611 ad removed,Sep-29-2022_19-32
https://list.am/en/item/18251330,Sep-29-2022_19-32
https://list.am/en/item/18213996,Sep-29-2022_19-32
https://list.am/en/item/16714940,Sep-29-2022_19-32
https://list.am/en/item/17937799 ad removed,Sep-29-2022_19-32
https://list.am/en/item/17936761 ad removed,Sep-29-2022_19-32
https://list.am/en/item/17931815 ad removed,Sep-29-2022_19-32
https://list.am/en/item/17664600,Sep-29-2022_19-32
https://list.am/en/item/18233021 ad removed,Sep-29-2022_19-32
https://list.am/en/item/17988732,Sep-29-2022_19-32
https://list.am/en/item/18175076 ad removed,Sep-29-2022_19-32
https://list.am/en/item/18225832 ad removed,Sep-29-2022_19-32
https://list.am/en/item/17444041,Sep-29-2022_19-32
https://list.am/en/item/11043430,Sep-29-2022_19-32
https://list.am/en/item/15567373 ad removed,Sep-29-2022_19-32
https://list.am/en/item/18046161 ad removed,Sep-29-2022_19-32
https://list.am/en/item/18209989 ad removed,Sep-29-2022_19-32
https://list.am/en/item/18209793 ad removed,Sep-29-2022_19-32
https://list.am/en/item/13181704 no price,Sep-29-2022_19-32
https://list.am/en/item/16137024 no price,Sep-29-2022_19-32
https://list.am/en/item/17931817 ad removed,Sep-29-2022_19-32
https://list.am/en/item/17852430 no price,Sep-29-2022_19-32
https://list.am/en/item/17922108 ad removed,Sep-29-2022_19-32
https://list.am/en/item/17954923 ad removed,Sep-29-2022_19-32
https://list.am/en/item/14263403 ad removed,Sep-29-2022_19-32
https://list.am/en/item/11811713,Sep-29-2022_19-32
https://list.am/en/item/18187572 ad removed,Sep-29-2022_19-32
https://list.am/en/item/18184181 ad removed,Sep-29-2022_19-32
https://list.am/en/item/15265705 ad removed,Sep-29-2022_19-32
https://list.am/en/item/18073065 ad removed,Sep-29-2022_19-32
https://list.am/en/item/13688914 ad removed,Sep-29-2022_19-32
https://list.am/en/item/15194819 ad removed,Sep-29-2022_19-32
https://list.am/en/item/14159034,Sep-29-2022_19-32
https://list.am/en/item/16610201,Sep-29-2022_19-32
https://list.am/en/item/18079026 no price,Sep-29-2022_19-32
https://list.am/en/item/17628634 ad removed,Sep-29-2022_19-32
https://list.am/en/item/16323200 no price,Sep-29-2022_19-32
https://list.am/en/item/17326139,Sep-29-2022_19-32
https://list.am/en/item/17428921,Sep-29-2022_19-32
https://list.am/en/item/18122763 ad removed,Sep-29-2022_19-32
