Commercial Properties for rent,Datetime
https://list.am/en/item/17593375 no price,Sep-29-2022_17-48
https://list.am/en/item/18016771 no price,Sep-29-2022_17-48
https://list.am/en/item/16761846,Sep-29-2022_17-48
https://list.am/en/item/17269733,Sep-29-2022_17-48
https://list.am/en/item/16775138 no price,Sep-29-2022_17-48
https://list.am/en/item/12035981 no price,Sep-29-2022_17-48
https://list.am/en/item/16259731,Sep-29-2022_17-48
https://list.am/en/item/18369455,Sep-29-2022_17-48
https://list.am/en/item/17749819,Sep-29-2022_17-48
https://list.am/en/item/18297837 no price,Sep-29-2022_17-48
https://list.am/en/item/17945888,Sep-29-2022_17-48
https://list.am/en/item/16950721 no price,Sep-29-2022_17-48
https://list.am/en/item/18118117 no price,Sep-29-2022_17-48
https://list.am/en/item/17759390 no price,Sep-29-2022_17-48
https://list.am/en/item/17285878,Sep-29-2022_17-48
https://list.am/en/item/17155943,Sep-29-2022_17-48
https://list.am/en/item/18257815,Sep-29-2022_17-48
https://list.am/en/item/18110339,Sep-29-2022_17-48
https://list.am/en/item/18199024 no price,Sep-29-2022_17-48
https://list.am/en/item/10943329 no price,Sep-29-2022_17-48
https://list.am/en/item/18002601 no price,Sep-29-2022_17-48
https://list.am/en/item/17516236 no price,Sep-29-2022_17-48
https://list.am/en/item/17982611 no price,Sep-29-2022_17-48
https://list.am/en/item/17727634 ad removed,Sep-29-2022_17-48
https://list.am/en/item/17475250,Sep-29-2022_17-48
https://list.am/en/item/17477215,Sep-29-2022_17-48
https://list.am/en/item/18127248 ad removed,Sep-29-2022_17-48
https://list.am/en/item/18110135 ad removed,Sep-29-2022_17-48
https://list.am/en/item/17896555 ad removed,Sep-29-2022_17-48
https://list.am/en/item/18138839,Sep-29-2022_17-48
