Houses for rent,Datetime
https://list.am/en/item/18375819,Sep-29-2022_17-47
https://list.am/en/item/18348437,Sep-29-2022_17-47
https://list.am/en/item/16412662,Sep-29-2022_17-47
https://list.am/en/item/18078554,Sep-29-2022_17-47
https://list.am/en/item/18134161,Sep-29-2022_17-47
https://list.am/en/item/17423488,Sep-29-2022_17-47
https://list.am/en/item/18264512 no price,Sep-29-2022_17-47
https://list.am/en/item/17623593 no price,Sep-29-2022_17-47
https://list.am/en/item/17273350,Sep-29-2022_17-47
https://list.am/en/item/17273284,Sep-29-2022_17-47
https://list.am/en/item/18011373 ad removed,Sep-29-2022_17-47
https://list.am/en/item/18110137 ad removed,Sep-29-2022_17-47
https://list.am/en/item/16895892,Sep-29-2022_17-47
https://list.am/en/item/17949824 no price,Sep-29-2022_17-47
https://list.am/en/item/18237083 ad removed,Sep-29-2022_17-47
https://list.am/en/item/18155828,Sep-29-2022_17-47
https://list.am/en/item/17834895 ad removed,Sep-29-2022_17-47
