Land for sale,Datetime
https://list.am/en/item/18168863 no price,Sep-29-2022_17-46
https://list.am/en/item/17494146,Sep-29-2022_17-46
https://list.am/en/item/17027057,Sep-29-2022_17-46
https://list.am/en/item/17094915,Sep-29-2022_17-46
https://list.am/en/item/18178298 no price,Sep-29-2022_17-46
https://list.am/en/item/18178311 no price,Sep-29-2022_17-46
https://list.am/en/item/18055039,Sep-29-2022_17-46
https://list.am/en/item/17437763,Sep-29-2022_17-46
https://list.am/en/item/16269663,Sep-29-2022_17-46
https://list.am/en/item/17409081,Sep-29-2022_17-46
https://list.am/en/item/16230462 no price,Sep-29-2022_17-46
https://list.am/en/item/16380393,Sep-29-2022_17-46
https://list.am/en/item/18274568,Sep-29-2022_17-46
https://list.am/en/item/17990492,Sep-29-2022_17-46
https://list.am/en/item/18167252,Sep-29-2022_17-46
https://list.am/en/item/15651667,Sep-29-2022_17-46
https://list.am/en/item/15816318,Sep-29-2022_17-46
https://list.am/en/item/18246775,Sep-29-2022_17-46
https://list.am/en/item/16419921,Sep-29-2022_17-46
https://list.am/en/item/17829252,Sep-29-2022_17-46
https://list.am/en/item/17316313,Sep-29-2022_17-46
https://list.am/en/item/17993317,Sep-29-2022_17-46
https://list.am/en/item/16588718,Sep-29-2022_17-46
https://list.am/en/item/16510430,Sep-29-2022_17-46
https://list.am/en/item/18180566,Sep-29-2022_17-46
https://list.am/en/item/18120003 no price,Sep-29-2022_17-46
https://list.am/en/item/17758646 ad removed,Sep-29-2022_17-46
https://list.am/en/item/17780598,Sep-29-2022_17-46
https://list.am/en/item/18312943,Sep-29-2022_17-46
https://list.am/en/item/18312937 ad removed,Sep-29-2022_17-46
https://list.am/en/item/18183522 no price,Sep-29-2022_17-46
https://list.am/en/item/15473783,Sep-29-2022_17-46
https://list.am/en/item/16998026,Sep-29-2022_17-46
https://list.am/en/item/18187862,Sep-29-2022_17-46
https://list.am/en/item/16030955,Sep-29-2022_17-46
https://list.am/en/item/17171579,Sep-29-2022_17-46
https://list.am/en/item/17699932,Sep-29-2022_17-46
https://list.am/en/item/17703629 no price,Sep-29-2022_17-46
https://list.am/en/item/18187325 no price,Sep-29-2022_17-46
https://list.am/en/item/17782718,Sep-29-2022_17-46
https://list.am/en/item/17693809,Sep-29-2022_17-46
https://list.am/en/item/17925453,Sep-29-2022_17-46
https://list.am/en/item/17980066,Sep-29-2022_17-46
https://list.am/en/item/17936799,Sep-29-2022_17-46
https://list.am/en/item/17014437,Sep-29-2022_17-46
https://list.am/en/item/16200766,Sep-29-2022_17-46
https://list.am/en/item/18153642,Sep-29-2022_17-46
https://list.am/en/item/18154686,Sep-29-2022_17-46
https://list.am/en/item/16869808,Sep-29-2022_17-46
https://list.am/en/item/17617450,Sep-29-2022_17-46
https://list.am/en/item/18080711 ad removed,Sep-29-2022_17-46
https://list.am/en/item/18104764,Sep-29-2022_17-46
https://list.am/en/item/18194088 ad removed,Sep-29-2022_17-46
https://list.am/en/item/10985910,Sep-29-2022_17-46
https://list.am/en/item/18135276,Sep-29-2022_17-46
https://list.am/en/item/18112678 ad removed,Sep-29-2022_17-46
https://list.am/en/item/17932528 no price,Sep-29-2022_17-46
https://list.am/en/item/16998903,Sep-29-2022_17-46
https://list.am/en/item/17537787 ad removed,Sep-29-2022_17-46
https://list.am/en/item/16519852 ad removed,Sep-29-2022_17-46
https://list.am/en/item/18184698 ad removed,Sep-29-2022_17-46
https://list.am/en/item/18182062 ad removed,Sep-29-2022_17-46
https://list.am/en/item/16435108 no price,Sep-29-2022_17-46
https://list.am/en/item/16435126 no price,Sep-29-2022_17-46
https://list.am/en/item/16623800 ad removed,Sep-29-2022_17-46
https://list.am/en/item/17043716 ad removed,Sep-29-2022_17-46
https://list.am/en/item/17364717,Sep-29-2022_17-46
